词条,拼音,HSK等级,词性,英文释义,例句
照顾,zhàogù,3,动词,to take care of,我每天在医院照顾奶奶
毕业,bìyè,3,动词,to graduate,他明年从北京大学毕业
兴趣,xìngqù,3,名词,interest,我对中国茶文化很有兴趣
热闹,rènao,3,形容词,lively and bustling,春节的街上非常热闹
习惯,xíguàn,4,名词,habit,早睡早起是一个好习惯
影响,yǐngxiǎng,4,动词,to influence; to affect,天气会影响我的心情
调查,diàochá,4,动词,to investigate; to survey,老师调查了全班同学的作业
自信,zìxìn,4,形容词,confident,他自信地走上讲台回答了问题
实现,shíxiàn,4,动词,to realize; to achieve,他终于实现了自己的梦想
交流,jiāoliú,4,动词,to exchange; to communicate,我们经常用中文交流
普遍,pǔbiàn,5,形容词,common; widespread,这种现象在年轻人中很普遍
鼓励,gǔlì,5,动词,to encourage,妈妈总是鼓励我多说中文
挑战,tiǎozhàn,5,名词,challenge,这是一个全新的挑战
吸引,xīyǐn,5,动词,to attract,这部中国电影吸引了很多外国观众
